version,model,train_pos,train_neg,test_pos,AUC,Prec@5,Prec@8,Prec@10,Prec@15,Prec@20,Top10_0056,Top10_00713,Top10_00919
A,LR,300,4722,112,0.7464800297801524,0.18,0.2125,0.21999999999999997,0.22000000000000003,0.205,0.05,0.37500000000000006,0.15
A,RF,300,4722,112,0.7634612858018744,0.20000000000000004,0.1875,0.2,0.14666666666666667,0.13000000000000003,0.0,0.35000000000000003,0.15
A,XGB,300,4722,112,0.7283874923359902,0.04,0.15,0.13999999999999999,0.11333333333333333,0.12500000000000003,0.05,0.27499999999999997,0.05
B,LR,129,1858,104,0.7287761458452395,0.16,0.225,0.21000000000000002,0.22666666666666666,0.20500000000000002,0.05,0.35000000000000003,0.15
B,RF,129,1858,104,0.7536718482112241,0.16,0.175,0.16999999999999998,0.17333333333333334,0.155,0.0,0.25,0.175
B,XGB,129,1858,104,0.7029374785689793,0.15999999999999998,0.1875,0.16999999999999998,0.13999999999999999,0.135,0.0,0.22499999999999998,0.2
